,anio_creacion,semana_creacion,recursos_agregados
71,2026,41,49
70,2026,40,53
69,2026,39,77
68,2026,38,128
67,2026,37,69
66,2026,36,101
65,2026,35,133
64,2026,34,5
63,2026,32,29
62,2026,31,43
61,2026,30,42
60,2026,29,75
59,2026,28,212
58,2026,27,1
57,2026,26,42
56,2026,25,39
55,2026,23,24
54,2026,22,4
53,2026,21,52
52,2026,20,49
51,2026,19,228
50,2026,18,16
49,2026,17,145
48,2026,16,60
47,2026,15,71
46,2026,13,323
45,2026,12,87
44,2026,11,215
43,2026,10,188
42,2026,9,138
41,2026,8,118
40,2026,7,251
39,2026,6,106
38,2026,5,44
37,2026,4,44
36,2026,3,186
35,2026,2,95
34,2025,52,52
33,2025,51,390
32,2025,50,296
31,2025,49,711
30,2025,48,364
29,2025,47,56
28,2025,46,122
27,2025,45,75
26,2025,44,79
25,2025,43,65
24,2025,42,29
23,2025,41,67
22,2025,40,59
21,2025,39,115
20,2025,38,43
19,2025,37,263
18,2025,36,37
17,2025,35,274
16,2025,34,132
15,2025,33,17
14,2025,32,47
13,2025,31,153
12,2025,30,150
11,2025,29,25
10,2025,28,4
9,2025,27,180
8,2025,21,4
7,2025,20,3
6,2025,19,16
5,2025,17,57
4,2025,15,3
3,2025,12,8
2,2025,11,476
1,2025,10,1
0,2025,1,20
